<annotation>
	<folder>blauw 2x2 Tom</folder>
	<filename>20201124_193130_039.jpg</filename>
	<path>C:\Users\tomdu\Desktop\nieuwe dataset\blauw 2x2 Tom\20201124_193130_039.jpg</path>
	<source>
		<database>Unknown</database>
	</source>
	<size>
		<width>240</width>
		<height>320</height>
		<depth>3</depth>
	</size>
	<segmented>0</segmented>
	<object>
		<name>2x2 blue</name>
		<pose>Unspecified</pose>
		<truncated>0</truncated>
		<difficult>0</difficult>
		<bndbox>
			<xmin>55</xmin>
			<ymin>161</ymin>
			<xmax>146</xmax>
			<ymax>257</ymax>
		</bndbox>
	</object>
</annotation>
