<annotation>
	<folder>groen 2x2 Danique</folder>
	<filename>20201123_095815_025.jpg</filename>
	<path>C:\Users\Dell\Downloads\drive-download-20210121T175407Z-001\groen 2x2 Danique\20201123_095815_025.jpg</path>
	<source>
		<database>Unknown</database>
	</source>
	<size>
		<width>320</width>
		<height>240</height>
		<depth>3</depth>
	</size>
	<segmented>0</segmented>
	<object>
		<name>2x2 green</name>
		<pose>Unspecified</pose>
		<truncated>0</truncated>
		<difficult>0</difficult>
		<bndbox>
			<xmin>77</xmin>
			<ymin>47</ymin>
			<xmax>145</xmax>
			<ymax>121</ymax>
		</bndbox>
	</object>
</annotation>
