<annotation>
	<folder>blauw 2x4 Danique</folder>
	<filename>20201124_192631_051.jpg</filename>
	<path>C:\Users\Dell\Downloads\drive-download-20210121T175407Z-001\blauw 2x4 Danique\20201124_192631_051.jpg</path>
	<source>
		<database>Unknown</database>
	</source>
	<size>
		<width>240</width>
		<height>320</height>
		<depth>3</depth>
	</size>
	<segmented>0</segmented>
	<object>
		<name>2x4 blue</name>
		<pose>Unspecified</pose>
		<truncated>0</truncated>
		<difficult>0</difficult>
		<bndbox>
			<xmin>53</xmin>
			<ymin>88</ymin>
			<xmax>187</xmax>
			<ymax>188</ymax>
		</bndbox>
	</object>
</annotation>
