<annotation>
	<folder>rood 2x4 Olivia</folder>
	<filename>20201123_100139_062.jpg</filename>
	<path>C:\Users\Pieter\Downloads\rood 2x4 Olivia-20210121T173609Z-001\rood 2x4 Olivia\20201123_100139_062.jpg</path>
	<source>
		<database>Unknown</database>
	</source>
	<size>
		<width>240</width>
		<height>320</height>
		<depth>3</depth>
	</size>
	<segmented>0</segmented>
	<object>
		<name>2x4 red</name>
		<pose>Unspecified</pose>
		<truncated>0</truncated>
		<difficult>0</difficult>
		<bndbox>
			<xmin>138</xmin>
			<ymin>99</ymin>
			<xmax>202</xmax>
			<ymax>183</ymax>
		</bndbox>
	</object>
</annotation>
