<annotation>
	<folder>rood 1x2 Olivia</folder>
	<filename>20201124_112038_047.jpg</filename>
	<path>C:\Users\Pieter\Downloads\nieuwe dataset-20210121T182420Z-001\nieuwe dataset\rood 1x2 Olivia\20201124_112038_047.jpg</path>
	<source>
		<database>Unknown</database>
	</source>
	<size>
		<width>240</width>
		<height>360</height>
		<depth>3</depth>
	</size>
	<segmented>0</segmented>
	<object>
		<name>1x2 red</name>
		<pose>Unspecified</pose>
		<truncated>0</truncated>
		<difficult>0</difficult>
		<bndbox>
			<xmin>85</xmin>
			<ymin>148</ymin>
			<xmax>145</xmax>
			<ymax>228</ymax>
		</bndbox>
	</object>
</annotation>
